{
  "plan": {
    "precision": 1.0,
    "recall": 1.0,
    "f1-score": 1.0,
    "support": 8,
    "confused_with": {}
  },
  "rating": {
    "precision": 0.8823529411764706,
    "recall": 1.0,
    "f1-score": 0.9375,
    "support": 15,
    "confused_with": {}
  },
  "email": {
    "precision": 1.0,
    "recall": 1.0,
    "f1-score": 1.0,
    "support": 9,
    "confused_with": {}
  },
  "micro avg": {
    "precision": 0.9411764705882353,
    "recall": 1.0,
    "f1-score": 0.9696969696969697,
    "support": 32
  },
  "macro avg": {
    "precision": 0.9607843137254902,
    "recall": 1.0,
    "f1-score": 0.9791666666666666,
    "support": 32
  },
  "weighted avg": {
    "precision": 0.9448529411764706,
    "recall": 1.0,
    "f1-score": 0.970703125,
    "support": 32
  },
  "accuracy": 0.9897959183673469
}